{"final_state": [{"id": "SalesOrg", "times": 10, "step": 2}, {"id": "DistChannel", "times": 10, "step": 3}, {"id": "CountryTab", "times": 9, "step": 12}, {"id": "SaveBtn", "times": 10, "step": 16}, {"id": "PONum", "times": 7, "step": 7}, {"id": "Division", "times": 10, "step": 4}, {"id": "SoldToParty", "times": 9, "step": 6}, {"id": "Material", "times": 9, "step": 7}, {"id": "ShippingTab", "times": 3, "step": 13}, {"id": "CFOP", "times": 8, "step": 14}, {"id": "OrderQtd", "times": 9, "step": 8}, {"id": "Plnt", "times": 6, "step": 12}, {"id": "ItemDClick", "times": 7, "step": 10}, {"id": "OrderType", "times": 10, "step": 1}, {"id": "Enter", "times": 11, "step": 5}, {"id": "BillingDoc", "times": 1, "step": 6}, {"id": "ItmCheckBox", "times": 2, "step": 12}, {"id": "ItemCat", "times": 2, "step": 10}, {"id": "Amount", "times": 3, "step": 19}, {"id": "DetailButton", "times": 2, "step": 13}, {"id": "LawCOFINS", "times": 3, "step": 18}, {"id": "TaxCode", "times": 8, "step": 13}, {"id": "IPITxt", "times": 3, "step": 17}, {"id": "CreateWRefBtn", "times": 1, "step": 5}, {"id": "LawPIS", "times": 3, "step": 19}, {"id": "CnType", "times": 3, "step": 18}, {"id": "OrderReason", "times": 1, "step": 9}, {"id": "Unity", "times": 2, "step": 9}, {"id": "HeaderBtn", "times": 1, "step": 8}, {"id": "ICMSTxt", "times": 3, "step": 16}, {"id": "CondTab", "times": 3, "step": 17}, {"id": "BackBtn", "times": 1, "step": 10}], "energy": 167}