{"final_state": [{"id": "OrderType", "times": 10, "step": 1, "father": ""}, {"id": "Material", "times": 9, "step": 7, "father": "OrderType"}, {"id": "SoldToParty", "times": 9, "step": 6, "father": "OrderType"}, {"id": "Enter", "times": 11, "step": 5, "father": "OrderType"}, {"id": "Plnt", "times": 6, "step": 12, "father": "Material"}, {"id": "CountryTab", "times": 9, "step": 12, "father": "Material"}, {"id": "SalesOrg", "times": 10, "step": 2, "father": "OrderType"}, {"id": "DistChannel", "times": 10, "step": 3, "father": "OrderType"}, {"id": "OrderQtd", "times": 9, "step": 8, "father": "Material"}, {"id": "SaveBtn", "times": 10, "step": 16, "father": "OrderType"}, {"id": "Division", "times": 10, "step": 4, "father": "OrderType"}, {"id": "TaxCode", "times": 8, "step": 13, "father": "CountryTab"}, {"id": "CFOP", "times": 8, "step": 14, "father": "CountryTab"}, {"id": "ShippingTab", "times": 3, "step": 13, "father": "Material"}, {"id": "CreateWRefBtn", "times": 1, "step": 5, "father": "OrderType"}, {"id": "BillingDoc", "times": 1, "step": 6, "father": "CreateWRefBtn"}, {"id": "ItmCheckBox", "times": 2, "step": 12, "father": "Material"}, {"id": "DetailButton", "times": 2, "step": 13, "father": "Material"}, {"id": "ItemCat", "times": 2, "step": 10, "father": "Material"}, {"id": "Unity", "times": 2, "step": 9, "father": "Material"}, {"id": "HeaderBtn", "times": 1, "step": 8, "father": "OrderReason"}, {"id": "PONum", "times": 7, "step": 7, "father": "OrderType"}, {"id": "ItemDClick", "times": 7, "step": 10, "father": "OrderType"}, {"id": "BackBtn", "times": 1, "step": 10, "father": "HeaderBtn"}, {"id": "ICMSTxt", "times": 3, "step": 16, "father": "CountryTab"}, {"id": "CondTab", "times": 3, "step": 17, "father": "Material"}, {"id": "IPITxt", "times": 3, "step": 17, "father": "CountryTab"}, {"id": "LawPIS", "times": 3, "step": 19, "father": "CountryTab"}, {"id": "OrderReason", "times": 1, "step": 9, "father": "HeaderBtn"}, {"id": "CnType", "times": 3, "step": 18, "father": "CondTab"}, {"id": "Amount", "times": 3, "step": 19, "father": "CondTab"}, {"id": "LawCOFINS", "times": 3, "step": 18, "father": "CountryTab"}], "energy": 147}